{"v":"5.5.7","meta":{"g":"LottieFiles AE 0.1.20","a":"","k":"","d":"","tc":""},"fr":30,"ip":0,"op":99,"w":618,"h":618,"nm":"free-icon-resizing-4595152","ddd":0,"assets":[],"layers":[{"ddd":0,"ind":1,"ty":4,"nm":"real dots","sr":1,"ks":{"o":{"a":1,"k":[{"i":{"x":[0.667],"y":[1]},"o":{"x":[0.333],"y":[0]},"t":9,"s":[100]},{"i":{"x":[0.833],"y":[1]},"o":{"x":[0.167],"y":[0]},"t":16,"s":[0]},{"i":{"x":[0.833],"y":[1]},"o":{"x":[0.167],"y":[0]},"t":46,"s":[0]},{"t":47,"s":[100]}],"ix":11},"r":{"a":0,"k":0,"ix":10},"p":{"a":0,"k":[452.5,279,0],"ix":2},"a":{"a":0,"k":[143.5,-30,0],"ix":1},"s":{"a":0,"k":[100,100,100],"ix":6}},"ao":0,"shapes":[{"ty":"gr","it":[{"ind":0,"ty":"sh","ix":1,"ks":{"a":0,"k":{"i":[[0,0],[0,0]],"o":[[0,0],[0,0]],"v":[[-221,-90],[-221,-163]],"c":false},"ix":2},"nm":"Path 1","mn":"ADBE Vector Shape - Group","hd":false},{"ty":"st","c":{"a":0,"k":[0,0,0,1],"ix":3},"o":{"a":0,"k":100,"ix":4},"w":{"a":0,"k":14,"ix":5},"lc":2,"lj":1,"ml":4,"bm":0,"d":[{"n":"d","nm":"dash","v":{"a":0,"k":29,"ix":1}},{"n":"o","nm":"offset","v":{"a":0,"k":8,"ix":7}}],"nm":"Stroke 1","mn":"ADBE Vector Graphic - Stroke","hd":false},{"ty":"fl","c":{"a":0,"k":[0.054901998183,0.537254961799,0.901961023667,1],"ix":4},"o":{"a":0,"k":100,"ix":5},"r":1,"bm":0,"nm":"Fill 1","mn":"ADBE Vector Graphic - Fill","hd":false},{"ty":"tr","p":{"a":0,"k":[0,0],"ix":2},"a":{"a":0,"k":[0,0],"ix":1},"s":{"a":0,"k":[100,100],"ix":3},"r":{"a":0,"k":0,"ix":6},"o":{"a":0,"k":100,"ix":7},"sk":{"a":0,"k":0,"ix":4},"sa":{"a":0,"k":0,"ix":5},"nm":"Transform"}],"nm":"Shape 5","np":3,"cix":2,"bm":0,"ix":1,"mn":"ADBE Vector Group","hd":false},{"ty":"gr","it":[{"ind":0,"ty":"sh","ix":1,"ks":{"a":0,"k":{"i":[[0,0],[0,0]],"o":[[0,0],[0,0]],"v":[[163,220],[92,220]],"c":false},"ix":2},"nm":"Path 1","mn":"ADBE Vector Shape - Group","hd":false},{"ty":"st","c":{"a":0,"k":[0,0,0,1],"ix":3},"o":{"a":0,"k":100,"ix":4},"w":{"a":0,"k":14,"ix":5},"lc":2,"lj":1,"ml":4,"bm":0,"d":[{"n":"d","nm":"dash","v":{"a":0,"k":29,"ix":1}},{"n":"o","nm":"offset","v":{"a":0,"k":8,"ix":7}}],"nm":"Stroke 1","mn":"ADBE Vector Graphic - Stroke","hd":false},{"ty":"fl","c":{"a":0,"k":[0.054901998183,0.537254961799,0.901961023667,1],"ix":4},"o":{"a":0,"k":100,"ix":5},"r":1,"bm":0,"nm":"Fill 1","mn":"ADBE Vector Graphic - Fill","hd":false},{"ty":"tr","p":{"a":0,"k":[0,0],"ix":2},"a":{"a":0,"k":[0,0],"ix":1},"s":{"a":0,"k":[100,100],"ix":3},"r":{"a":0,"k":0,"ix":6},"o":{"a":0,"k":100,"ix":7},"sk":{"a":0,"k":0,"ix":4},"sa":{"a":0,"k":0,"ix":5},"nm":"Transform"}],"nm":"Shape 4","np":3,"cix":2,"bm":0,"ix":2,"mn":"ADBE Vector Group","hd":false},{"ty":"gr","it":[{"ind":0,"ty":"sh","ix":1,"ks":{"a":0,"k":{"i":[[0,0],[0,0]],"o":[[0,0],[0,0]],"v":[[222,-165],[222,166]],"c":false},"ix":2},"nm":"Path 1","mn":"ADBE Vector Shape - Group","hd":false},{"ty":"st","c":{"a":0,"k":[0,0,0,1],"ix":3},"o":{"a":0,"k":100,"ix":4},"w":{"a":0,"k":14,"ix":5},"lc":2,"lj":1,"ml":4,"bm":0,"d":[{"n":"d","nm":"dash","v":{"a":0,"k":29,"ix":1}},{"n":"o","nm":"offset","v":{"a":0,"k":0,"ix":7}}],"nm":"Stroke 1","mn":"ADBE Vector Graphic - Stroke","hd":false},{"ty":"fl","c":{"a":0,"k":[0.054901998183,0.537254961799,0.901961023667,1],"ix":4},"o":{"a":0,"k":100,"ix":5},"r":1,"bm":0,"nm":"Fill 1","mn":"ADBE Vector Graphic - Fill","hd":false},{"ty":"tr","p":{"a":0,"k":[0,0],"ix":2},"a":{"a":0,"k":[0,0],"ix":1},"s":{"a":0,"k":[100,100],"ix":3},"r":{"a":0,"k":0,"ix":6},"o":{"a":0,"k":100,"ix":7},"sk":{"a":0,"k":0,"ix":4},"sa":{"a":0,"k":0,"ix":5},"nm":"Transform"}],"nm":"Shape 3","np":3,"cix":2,"bm":0,"ix":3,"mn":"ADBE Vector Group","hd":false},{"ty":"gr","it":[{"ind":0,"ty":"sh","ix":1,"ks":{"a":0,"k":{"i":[[0,0]],"o":[[0,0]],"v":[[450,162]],"c":false},"ix":2},"nm":"Path 1","mn":"ADBE Vector Shape - Group","hd":false},{"ty":"st","c":{"a":0,"k":[0,0,0,1],"ix":3},"o":{"a":0,"k":100,"ix":4},"w":{"a":0,"k":14,"ix":5},"lc":2,"lj":1,"ml":4,"bm":0,"d":[{"n":"d","nm":"dash","v":{"a":0,"k":28,"ix":1}},{"n":"o","nm":"offset","v":{"a":0,"k":0,"ix":7}}],"nm":"Stroke 1","mn":"ADBE Vector Graphic - Stroke","hd":false},{"ty":"fl","c":{"a":0,"k":[0.054901998183,0.537254961799,0.901961023667,1],"ix":4},"o":{"a":0,"k":100,"ix":5},"r":1,"bm":0,"nm":"Fill 1","mn":"ADBE Vector Graphic - Fill","hd":false},{"ty":"tr","p":{"a":0,"k":[0,0],"ix":2},"a":{"a":0,"k":[0,0],"ix":1},"s":{"a":0,"k":[100,100],"ix":3},"r":{"a":0,"k":0,"ix":6},"o":{"a":0,"k":100,"ix":7},"sk":{"a":0,"k":0,"ix":4},"sa":{"a":0,"k":0,"ix":5},"nm":"Transform"}],"nm":"Shape 2","np":3,"cix":2,"bm":0,"ix":4,"mn":"ADBE Vector Group","hd":false},{"ty":"gr","it":[{"ind":0,"ty":"sh","ix":1,"ks":{"a":0,"k":{"i":[[0,0],[0,0]],"o":[[0,0],[0,0]],"v":[[-163,-222],[165,-222]],"c":false},"ix":2},"nm":"Path 1","mn":"ADBE Vector Shape - Group","hd":false},{"ty":"st","c":{"a":0,"k":[0,0,0,1],"ix":3},"o":{"a":0,"k":100,"ix":4},"w":{"a":0,"k":14,"ix":5},"lc":2,"lj":1,"ml":4,"bm":0,"d":[{"n":"d","nm":"dash","v":{"a":0,"k":28,"ix":1}},{"n":"o","nm":"offset","v":{"a":0,"k":0,"ix":7}}],"nm":"Stroke 1","mn":"ADBE Vector Graphic - Stroke","hd":false},{"ty":"fl","c":{"a":0,"k":[0.054901998183,0.537254961799,0.901961023667,1],"ix":4},"o":{"a":0,"k":100,"ix":5},"r":1,"bm":0,"nm":"Fill 1","mn":"ADBE Vector Graphic - Fill","hd":false},{"ty":"tr","p":{"a":0,"k":[-2,-221],"ix":2},"a":{"a":0,"k":[-2,-221],"ix":1},"s":{"a":0,"k":[100,100],"ix":3},"r":{"a":0,"k":0,"ix":6},"o":{"a":0,"k":100,"ix":7},"sk":{"a":0,"k":0,"ix":4},"sa":{"a":0,"k":0,"ix":5},"nm":"Transform"}],"nm":"Shape 1","np":3,"cix":2,"bm":0,"ix":5,"mn":"ADBE Vector Group","hd":false},{"ty":"tm","s":{"a":0,"k":0,"ix":1},"e":{"a":1,"k":[{"i":{"x":[1],"y":[1]},"o":{"x":[0.167],"y":[0.167]},"t":42,"s":[100]},{"i":{"x":[0.115],"y":[0.877]},"o":{"x":[0.472],"y":[0.18]},"t":43,"s":[8]},{"t":69,"s":[100]}],"ix":2},"o":{"a":0,"k":0,"ix":3},"m":1,"ix":6,"nm":"Trim Paths 1","mn":"ADBE Vector Filter - Trim","hd":false}],"ip":0,"op":99,"st":0,"bm":0},{"ddd":0,"ind":3,"ty":4,"nm":"r lower","sr":1,"ks":{"o":{"a":1,"k":[{"i":{"x":[0.667],"y":[1]},"o":{"x":[0.333],"y":[0]},"t":9,"s":[100]},{"i":{"x":[0.833],"y":[1]},"o":{"x":[0.167],"y":[0]},"t":16,"s":[0]},{"i":{"x":[0.833],"y":[1]},"o":{"x":[0.167],"y":[0]},"t":47,"s":[0]},{"t":50,"s":[100]}],"ix":11},"r":{"a":0,"k":0,"ix":10},"p":{"a":0,"k":[530.363,530.544,0],"ix":2},"a":{"a":0,"k":[477.363,477.544,0],"ix":1},"s":{"a":1,"k":[{"i":{"x":[0.833,0.833,0.833],"y":[0.833,0.833,0.833]},"o":{"x":[0.167,0.167,0.167],"y":[0.167,0.167,0.167]},"t":46,"s":[100,100,100]},{"i":{"x":[0.353,0.353,0.833],"y":[1.007,1.007,-11.552]},"o":{"x":[0.167,0.167,0.167],"y":[0.167,0.167,16.667]},"t":47,"s":[0,0,100]},{"t":59,"s":[100,100,100]}],"ix":6}},"ao":0,"shapes":[{"ty":"gr","it":[{"ind":0,"ty":"sh","ix":1,"ks":{"a":0,"k":{"i":[[0,0],[0,0],[0,0],[0,0]],"o":[[0,0],[0,0],[0,0],[0,0]],"v":[[19.456,19.456],[-19.456,19.456],[-19.456,-19.456],[19.456,-19.456]],"c":true},"ix":2},"nm":"Path 1","mn":"ADBE Vector Shape - Group","hd":false},{"ind":1,"ty":"sh","ix":2,"ks":{"a":0,"k":{"i":[[6.618,0],[0,0],[0,-6.617],[0,0],[-6.617,0],[0,0],[0,6.617],[0,0]],"o":[[0,0],[-6.617,0],[0,0],[0,6.617],[0,0],[6.617,0],[0,0],[0,-6.617]],"v":[[22.456,-34.456],[-22.456,-34.456],[-34.456,-22.456],[-34.456,22.455],[-22.456,34.456],[22.456,34.456],[34.456,22.455],[34.456,-22.456]],"c":true},"ix":2},"nm":"Path 2","mn":"ADBE Vector Shape - Group","hd":false},{"ty":"mm","mm":1,"nm":"Merge Paths 1","mn":"ADBE Vector Filter - Merge","hd":false},{"ty":"fl","c":{"a":0,"k":[0,0,0,1],"ix":4},"o":{"a":0,"k":100,"ix":5},"r":1,"bm":0,"nm":"Fill 1","mn":"ADBE Vector Graphic - Fill","hd":false},{"ty":"tr","p":{"a":0,"k":[477.363,477.544],"ix":2},"a":{"a":0,"k":[0,0],"ix":1},"s":{"a":0,"k":[100,100],"ix":3},"r":{"a":0,"k":0,"ix":6},"o":{"a":0,"k":100,"ix":7},"sk":{"a":0,"k":0,"ix":4},"sa":{"a":0,"k":0,"ix":5},"nm":"Transform"}],"nm":"Group 1","np":4,"cix":2,"bm":0,"ix":1,"mn":"ADBE Vector Group","hd":false}],"ip":0,"op":99,"st":0,"bm":0},{"ddd":0,"ind":4,"ty":4,"nm":"r upper","sr":1,"ks":{"o":{"a":1,"k":[{"i":{"x":[0.667],"y":[1]},"o":{"x":[0.333],"y":[0]},"t":9,"s":[100]},{"i":{"x":[0.833],"y":[1]},"o":{"x":[0.167],"y":[0]},"t":16,"s":[0]},{"i":{"x":[0.833],"y":[1]},"o":{"x":[0.167],"y":[0]},"t":47,"s":[0]},{"t":50,"s":[100]}],"ix":11},"r":{"a":0,"k":0,"ix":10},"p":{"a":0,"k":[530.363,87.816,0],"ix":2},"a":{"a":0,"k":[477.363,34.816,0],"ix":1},"s":{"a":1,"k":[{"i":{"x":[0.833,0.833,0.833],"y":[0.833,0.833,0.833]},"o":{"x":[0.167,0.167,0.167],"y":[0.167,0.167,0.167]},"t":46,"s":[100,100,100]},{"i":{"x":[0.353,0.353,0.833],"y":[1.007,1.007,-11.552]},"o":{"x":[0.167,0.167,0.167],"y":[0.167,0.167,16.667]},"t":47,"s":[0,0,100]},{"t":59,"s":[100,100,100]}],"ix":6}},"ao":0,"shapes":[{"ty":"gr","it":[{"ind":0,"ty":"sh","ix":1,"ks":{"a":0,"k":{"i":[[0,0],[0,0],[0,0],[0,0]],"o":[[0,0],[0,0],[0,0],[0,0]],"v":[[19.456,19.456],[-19.456,19.456],[-19.456,-19.456],[19.456,-19.456]],"c":true},"ix":2},"nm":"Path 1","mn":"ADBE Vector Shape - Group","hd":false},{"ind":1,"ty":"sh","ix":2,"ks":{"a":0,"k":{"i":[[6.618,0],[0,0],[0,-6.617],[0,0],[-6.617,0],[0,0],[0,6.617],[0,0]],"o":[[0,0],[-6.617,0],[0,0],[0,6.617],[0,0],[6.617,0],[0,0],[0,-6.617]],"v":[[22.456,-34.456],[-22.456,-34.456],[-34.456,-22.455],[-34.456,22.456],[-22.456,34.456],[22.456,34.456],[34.456,22.456],[34.456,-22.455]],"c":true},"ix":2},"nm":"Path 2","mn":"ADBE Vector Shape - Group","hd":false},{"ty":"mm","mm":1,"nm":"Merge Paths 1","mn":"ADBE Vector Filter - Merge","hd":false},{"ty":"fl","c":{"a":0,"k":[0,0,0,1],"ix":4},"o":{"a":0,"k":100,"ix":5},"r":1,"bm":0,"nm":"Fill 1","mn":"ADBE Vector Graphic - Fill","hd":false},{"ty":"tr","p":{"a":0,"k":[477.363,34.816],"ix":2},"a":{"a":0,"k":[0,0],"ix":1},"s":{"a":0,"k":[100,100],"ix":3},"r":{"a":0,"k":0,"ix":6},"o":{"a":0,"k":100,"ix":7},"sk":{"a":0,"k":0,"ix":4},"sa":{"a":0,"k":0,"ix":5},"nm":"Transform"}],"nm":"Group 1","np":4,"cix":2,"bm":0,"ix":1,"mn":"ADBE Vector Group","hd":false}],"ip":0,"op":99,"st":0,"bm":0},{"ddd":0,"ind":5,"ty":4,"nm":"l upper","sr":1,"ks":{"o":{"a":1,"k":[{"i":{"x":[0.667],"y":[1]},"o":{"x":[0.333],"y":[0]},"t":9,"s":[100]},{"i":{"x":[0.833],"y":[1]},"o":{"x":[0.167],"y":[0]},"t":16,"s":[0]},{"i":{"x":[0.833],"y":[1]},"o":{"x":[0.167],"y":[0]},"t":47,"s":[0]},{"t":50,"s":[100]}],"ix":11},"r":{"a":0,"k":0,"ix":10},"p":{"a":0,"k":[87.637,87.456,0],"ix":2},"a":{"a":0,"k":[34.637,34.456,0],"ix":1},"s":{"a":1,"k":[{"i":{"x":[0.833,0.833,0.833],"y":[0.833,0.833,0.833]},"o":{"x":[0.167,0.167,0.167],"y":[0.167,0.167,0.167]},"t":46,"s":[100,100,100]},{"i":{"x":[0.353,0.353,0.833],"y":[1.007,1.007,-11.552]},"o":{"x":[0.167,0.167,0.167],"y":[0.167,0.167,16.667]},"t":47,"s":[0,0,100]},{"t":59,"s":[100,100,100]}],"ix":6}},"ao":0,"shapes":[{"ty":"gr","it":[{"ind":0,"ty":"sh","ix":1,"ks":{"a":0,"k":{"i":[[0,0],[0,0],[0,0],[0,0]],"o":[[0,0],[0,0],[0,0],[0,0]],"v":[[19.456,19.456],[-19.456,19.456],[-19.456,-19.456],[19.456,-19.456]],"c":true},"ix":2},"nm":"Path 1","mn":"ADBE Vector Shape - Group","hd":false},{"ind":1,"ty":"sh","ix":2,"ks":{"a":0,"k":{"i":[[0,6.617],[0,0],[6.617,0],[0,0],[0,-6.617],[0,0],[-6.617,0],[0,0]],"o":[[0,0],[0,-6.617],[0,0],[-6.617,0],[0,0],[0,6.617],[0,0],[6.617,0]],"v":[[34.456,22.456],[34.456,-22.455],[22.456,-34.456],[-22.456,-34.456],[-34.456,-22.455],[-34.456,22.456],[-22.456,34.456],[22.456,34.456]],"c":true},"ix":2},"nm":"Path 2","mn":"ADBE Vector Shape - Group","hd":false},{"ty":"mm","mm":1,"nm":"Merge Paths 1","mn":"ADBE Vector Filter - Merge","hd":false},{"ty":"fl","c":{"a":0,"k":[0,0,0,1],"ix":4},"o":{"a":0,"k":100,"ix":5},"r":1,"bm":0,"nm":"Fill 1","mn":"ADBE Vector Graphic - Fill","hd":false},{"ty":"tr","p":{"a":0,"k":[34.637,34.456],"ix":2},"a":{"a":0,"k":[0,0],"ix":1},"s":{"a":0,"k":[100,100],"ix":3},"r":{"a":0,"k":0,"ix":6},"o":{"a":0,"k":100,"ix":7},"sk":{"a":0,"k":0,"ix":4},"sa":{"a":0,"k":0,"ix":5},"nm":"Transform"}],"nm":"Group 1","np":4,"cix":2,"bm":0,"ix":1,"mn":"ADBE Vector Group","hd":false}],"ip":0,"op":99,"st":0,"bm":0},{"ddd":0,"ind":6,"ty":4,"nm":"pic Outlines","sr":1,"ks":{"o":{"a":0,"k":100,"ix":11},"r":{"a":0,"k":0,"ix":10},"p":{"a":0,"k":[80.137,538.044,0],"ix":2},"a":{"a":0,"k":[27.137,485.044,0],"ix":1},"s":{"a":1,"k":[{"i":{"x":[0.293,0.293,0.667],"y":[0.938,0.938,1]},"o":{"x":[0.333,0.333,0.333],"y":[0,0,0]},"t":0,"s":[100,100,100]},{"i":{"x":[0.433,0.433,0.667],"y":[1.028,1.028,1]},"o":{"x":[0.567,0.567,0.333],"y":[0,0,0]},"t":5.053,"s":[89,89,100]},{"i":{"x":[0.833,0.833,0.833],"y":[1,1,1]},"o":{"x":[0.167,0.167,0.167],"y":[0,0,0]},"t":18,"s":[153,153,100]},{"i":{"x":[0.667,0.667,0.667],"y":[1,1,1]},"o":{"x":[0.554,0.554,0.167],"y":[0,0,0]},"t":47,"s":[153,153,100]},{"t":56,"s":[100,100,100]}],"ix":6,"x":"var $bm_rt;\nvar amp, freq, decay, n, n, t, t, v;\namp = 0.7;\nfreq = 2;\ndecay = 7;\n$bm_rt = n = 0;\nif (numKeys > 0) {\n    $bm_rt = n = nearestKey(time).index;\n    if (key(n).time > time) {\n        n--;\n    }\n}\nif (n == 0) {\n    $bm_rt = t = 0;\n} else {\n    $bm_rt = t = $bm_sub(time, key(n).time);\n}\nif (n > 0) {\n    v = velocityAtTime($bm_sub(key(n).time, $bm_div(thisComp.frameDuration, 10)));\n    $bm_rt = $bm_sum(value, $bm_div($bm_mul($bm_mul(v, amp), Math.sin($bm_mul($bm_mul($bm_mul(freq, t), 2), Math.PI))), Math.exp($bm_mul(decay, t))));\n} else {\n    $bm_rt = value;\n}"}},"ao":0,"shapes":[{"ty":"gr","it":[{"ind":0,"ty":"sh","ix":1,"ks":{"a":0,"k":{"i":[[10.34,0],[0,0],[0,-10.339],[0,0],[-4.143,0],[0,4.143],[0,0],[-2.068,0],[0,0],[0,-2.068],[0,0],[0,0],[0,0],[10.099,-11.585],[0,0],[0,0],[4.143,0],[0,-4.143],[0,0],[-10.34,0],[0,0],[0,4.143],[4.143,0],[0,0],[0,2.068],[0,0],[0,0],[-4.143,-4.752],[0,0],[-4.075,-0.237],[-3.021,2.745],[0,0],[0,0],[2.068,0],[0,0],[0,-4.143],[-4.143,0],[0,0],[0,10.341],[0,0]],"o":[[0,0],[-10.34,0],[0,0],[0,4.143],[4.143,0],[0,0],[0,-2.068],[0,0],[2.068,0],[0,0],[0,0],[0,0],[-10.109,-11.595],[0,0],[0,0],[0,-4.143],[-4.143,0],[0,0],[0,10.341],[0,0],[4.143,0],[0,-4.143],[0,0],[-2.069,0],[0,0],[0,0],[4.136,-4.744],[0,0],[2.683,3.078],[4.087,0.24],[0,0],[0,0],[0,2.068],[0,0],[-4.143,0],[0,4.143],[0,0],[10.34,0],[0,0],[0,-10.339]],"v":[[131.598,-150.35],[-131.598,-150.35],[-150.35,-131.599],[-150.35,-109.334],[-142.85,-101.834],[-135.35,-109.334],[-135.35,-131.599],[-131.598,-135.35],[131.598,-135.35],[135.35,-131.599],[135.35,27.385],[75.55,81.632],[-3.611,-9.173],[-41.851,-9.173],[-135.35,98.079],[-135.35,-74.334],[-142.85,-81.834],[-150.35,-74.334],[-150.35,131.598],[-131.598,150.35],[54.861,150.35],[62.361,142.85],[54.861,135.35],[-131.598,135.35],[-135.35,131.598],[-135.35,120.906],[-30.544,0.684],[-14.917,0.684],[64.244,91.489],[74.723,96.628],[85.727,92.739],[135.35,47.654],[135.35,131.598],[131.598,135.35],[89.861,135.35],[82.361,142.85],[89.861,150.35],[131.598,150.35],[150.35,131.598],[150.35,-131.599]],"c":true},"ix":2},"nm":"Path 1","mn":"ADBE Vector Shape - Group","hd":false},{"ty":"fl","c":{"a":0,"k":[0,0,0,1],"ix":4},"o":{"a":0,"k":100,"ix":5},"r":1,"bm":0,"nm":"Fill 1","mn":"ADBE Vector Graphic - Fill","hd":false},{"ty":"tr","p":{"a":0,"k":[177.486,334.334],"ix":2},"a":{"a":0,"k":[0,0],"ix":1},"s":{"a":0,"k":[100,100],"ix":3},"r":{"a":0,"k":0,"ix":6},"o":{"a":0,"k":100,"ix":7},"sk":{"a":0,"k":0,"ix":4},"sa":{"a":0,"k":0,"ix":5},"nm":"Transform"}],"nm":"Group 1","np":2,"cix":2,"bm":0,"ix":1,"mn":"ADBE Vector Group","hd":false},{"ty":"gr","it":[{"ind":0,"ty":"sh","ix":1,"ks":{"a":0,"k":{"i":[[0,7.157],[-7.157,0],[0,-7.156],[7.157,0]],"o":[[0,-7.156],[7.156,0],[0,7.157],[-7.157,0]],"v":[[-12.979,0],[0,-12.979],[12.979,0],[0,12.979]],"c":true},"ix":2},"nm":"Path 1","mn":"ADBE Vector Shape - Group","hd":false},{"ind":1,"ty":"sh","ix":2,"ks":{"a":0,"k":{"i":[[0,15.428],[15.428,0],[0,-15.427],[-15.427,0]],"o":[[0,-15.428],[-15.428,0],[0,15.428],[15.427,0]],"v":[[27.979,0],[0,-27.979],[-27.979,0],[0,27.979]],"c":true},"ix":2},"nm":"Path 2","mn":"ADBE Vector Shape - Group","hd":false},{"ty":"mm","mm":1,"nm":"Merge Paths 1","mn":"ADBE Vector Filter - Merge","hd":false},{"ty":"fl","c":{"a":0,"k":[0,0,0,1],"ix":4},"o":{"a":0,"k":100,"ix":5},"r":1,"bm":0,"nm":"Fill 1","mn":"ADBE Vector Graphic - Fill","hd":false},{"ty":"tr","p":{"a":0,"k":[252.826,280.479],"ix":2},"a":{"a":0,"k":[0,0],"ix":1},"s":{"a":0,"k":[100,100],"ix":3},"r":{"a":0,"k":0,"ix":6},"o":{"a":0,"k":100,"ix":7},"sk":{"a":0,"k":0,"ix":4},"sa":{"a":0,"k":0,"ix":5},"nm":"Transform"}],"nm":"Group 2","np":4,"cix":2,"bm":0,"ix":2,"mn":"ADBE Vector Group","hd":false}],"ip":0,"op":99,"st":0,"bm":0},{"ddd":0,"ind":7,"ty":4,"nm":"arrow Outlines 2","sr":1,"ks":{"o":{"a":1,"k":[{"i":{"x":[0.667],"y":[1]},"o":{"x":[0.333],"y":[0]},"t":51,"s":[0]},{"t":59,"s":[100]}],"ix":11},"r":{"a":0,"k":0,"ix":10},"p":{"a":1,"k":[{"i":{"x":0.667,"y":1},"o":{"x":0.793,"y":0},"t":5,"s":[419.862,197.958,0],"to":[5.568,-6.257,0],"ti":[-46.167,44.167,0]},{"i":{"x":0.667,"y":0.667},"o":{"x":0.333,"y":0.333},"t":18,"s":[696.862,-67.042,0],"to":[0,0,0],"ti":[0,0,0]},{"i":{"x":0.667,"y":1},"o":{"x":0.333,"y":0},"t":44,"s":[696.862,-67.042,0],"to":[-45.333,43.333,0],"ti":[-5.036,5.659,0]},{"i":{"x":0.833,"y":1},"o":{"x":0.167,"y":0},"t":58,"s":[424.862,192.958,0],"to":[5.568,-6.257,0],"ti":[-2.5,2.5,0]},{"t":65,"s":[439.862,177.958,0]}],"ix":2},"a":{"a":0,"k":[386.862,124.958,0],"ix":1},"s":{"a":0,"k":[100,100,100],"ix":6}},"ao":0,"shapes":[{"ty":"gr","it":[{"ind":0,"ty":"sh","ix":1,"ks":{"a":0,"k":{"i":[[0,0],[0.477,-0.178],[0.125,0.127],[16.479,16.48],[-0.177,0.476],[-0.176,0.012],[0,0],[-0.021,0],[-0.155,-0.153],[0.018,-0.238]],"o":[[-0.013,0.177],[-0.474,0.18],[-14.967,-14.968],[-0.126,-0.125],[0.178,-0.475],[0,0],[0.022,-0.001],[0.211,0],[0.169,0.169],[0,0]],"v":[[26.962,18.129],[26.45,18.814],[25.616,18.632],[-18.268,-25.254],[-18.451,-26.087],[-17.767,-26.599],[29.491,-29.973],[29.555,-29.974],[30.105,-29.743],[30.333,-29.129]],"c":true},"ix":2},"nm":"Path 1","mn":"ADBE Vector Shape - Group","hd":false},{"ind":1,"ty":"sh","ix":2,"ks":{"a":0,"k":{"i":[[0,0],[0,0],[2.19,-5.865],[-4.426,-4.427],[0,0],[0,0],[-2.93,-2.929],[-1.919,0],[-1.465,1.464],[0,0],[0,0],[-4.088,0],[-1.835,0.686],[-0.445,6.243],[0,0],[3.24,3.239],[4.584,-0.318]],"o":[[0,0],[-6.244,0.446],[-2.187,5.864],[0,0],[0,0],[-2.93,2.93],[1.465,1.464],[1.919,0],[0,0],[0,0],[3.041,3.04],[1.863,0],[5.866,-2.188],[0,0],[0.327,-4.57],[-3.239,-3.238],[0,0]],"v":[[28.424,-44.934],[-18.835,-41.56],[-32.505,-31.329],[-28.876,-14.646],[-12.237,1.992],[-42.692,32.448],[-42.692,43.056],[-37.389,45.251],[-32.085,43.056],[-1.63,12.599],[15.01,29.238],[26.106,33.885],[31.693,32.866],[41.924,19.197],[45.295,-28.061],[40.711,-40.35],[28.423,-44.934]],"c":true},"ix":2},"nm":"Path 2","mn":"ADBE Vector Shape - Group","hd":false},{"ty":"mm","mm":1,"nm":"Merge Paths 1","mn":"ADBE Vector Filter - Merge","hd":false},{"ty":"fl","c":{"a":0,"k":[0,0,0,1],"ix":4},"o":{"a":0,"k":100,"ix":5},"r":1,"bm":0,"nm":"Fill 1","mn":"ADBE Vector Graphic - Fill","hd":false},{"ty":"tr","p":{"a":0,"k":[386.639,124.819],"ix":2},"a":{"a":0,"k":[0,0],"ix":1},"s":{"a":0,"k":[100,100],"ix":3},"r":{"a":0,"k":0,"ix":6},"o":{"a":0,"k":100,"ix":7},"sk":{"a":0,"k":0,"ix":4},"sa":{"a":0,"k":0,"ix":5},"nm":"Transform"}],"nm":"Group 1","np":4,"cix":2,"bm":0,"ix":1,"mn":"ADBE Vector Group","hd":false}],"ip":40,"op":99,"st":0,"bm":0},{"ddd":0,"ind":8,"ty":4,"nm":"arrow Outlines","sr":1,"ks":{"o":{"a":1,"k":[{"i":{"x":[0.833],"y":[0.833]},"o":{"x":[0.167],"y":[0.167]},"t":6,"s":[100]},{"t":13,"s":[0]}],"ix":11},"r":{"a":0,"k":0,"ix":10},"p":{"a":1,"k":[{"i":{"x":0.667,"y":1},"o":{"x":0.333,"y":0},"t":0,"s":[439.862,177.958,0],"to":[-3.333,3.333,0],"ti":[-5.036,5.659,0]},{"i":{"x":0.667,"y":1},"o":{"x":0.793,"y":0},"t":5,"s":[419.862,197.958,0],"to":[5.568,-6.257,0],"ti":[-46.167,44.167,0]},{"t":18,"s":[696.862,-67.042,0]}],"ix":2},"a":{"a":0,"k":[386.862,124.958,0],"ix":1},"s":{"a":0,"k":[100,100,100],"ix":6}},"ao":0,"shapes":[{"ty":"gr","it":[{"ind":0,"ty":"sh","ix":1,"ks":{"a":0,"k":{"i":[[0,0],[0.477,-0.178],[0.125,0.127],[16.479,16.48],[-0.177,0.476],[-0.176,0.012],[0,0],[-0.021,0],[-0.155,-0.153],[0.018,-0.238]],"o":[[-0.013,0.177],[-0.474,0.18],[-14.967,-14.968],[-0.126,-0.125],[0.178,-0.475],[0,0],[0.022,-0.001],[0.211,0],[0.169,0.169],[0,0]],"v":[[26.962,18.129],[26.45,18.814],[25.616,18.632],[-18.268,-25.254],[-18.451,-26.087],[-17.767,-26.599],[29.491,-29.973],[29.555,-29.974],[30.105,-29.743],[30.333,-29.129]],"c":true},"ix":2},"nm":"Path 1","mn":"ADBE Vector Shape - Group","hd":false},{"ind":1,"ty":"sh","ix":2,"ks":{"a":0,"k":{"i":[[0,0],[0,0],[2.19,-5.865],[-4.426,-4.427],[0,0],[0,0],[-2.93,-2.929],[-1.919,0],[-1.465,1.464],[0,0],[0,0],[-4.088,0],[-1.835,0.686],[-0.445,6.243],[0,0],[3.24,3.239],[4.584,-0.318]],"o":[[0,0],[-6.244,0.446],[-2.187,5.864],[0,0],[0,0],[-2.93,2.93],[1.465,1.464],[1.919,0],[0,0],[0,0],[3.041,3.04],[1.863,0],[5.866,-2.188],[0,0],[0.327,-4.57],[-3.239,-3.238],[0,0]],"v":[[28.424,-44.934],[-18.835,-41.56],[-32.505,-31.329],[-28.876,-14.646],[-12.237,1.992],[-42.692,32.448],[-42.692,43.056],[-37.389,45.251],[-32.085,43.056],[-1.63,12.599],[15.01,29.238],[26.106,33.885],[31.693,32.866],[41.924,19.197],[45.295,-28.061],[40.711,-40.35],[28.423,-44.934]],"c":true},"ix":2},"nm":"Path 2","mn":"ADBE Vector Shape - Group","hd":false},{"ty":"mm","mm":1,"nm":"Merge Paths 1","mn":"ADBE Vector Filter - Merge","hd":false},{"ty":"fl","c":{"a":0,"k":[0,0,0,1],"ix":4},"o":{"a":0,"k":100,"ix":5},"r":1,"bm":0,"nm":"Fill 1","mn":"ADBE Vector Graphic - Fill","hd":false},{"ty":"tr","p":{"a":0,"k":[386.639,124.819],"ix":2},"a":{"a":0,"k":[0,0],"ix":1},"s":{"a":0,"k":[100,100],"ix":3},"r":{"a":0,"k":0,"ix":6},"o":{"a":0,"k":100,"ix":7},"sk":{"a":0,"k":0,"ix":4},"sa":{"a":0,"k":0,"ix":5},"nm":"Transform"}],"nm":"Group 1","np":4,"cix":2,"bm":0,"ix":1,"mn":"ADBE Vector Group","hd":false}],"ip":0,"op":99,"st":0,"bm":0}],"markers":[]}